<?xml version="1.0" encoding="UTF-8"?>
<project xmlns="http://maven.apache.org/POM/4.0.0" xmlns:xsi="http://www.w3.org/2001/XMLSchema-instance"
	xsi:schemaLocation="http://maven.apache.org/POM/4.0.0 https://maven.apache.org/xsd/maven-4.0.0.xsd">
	<modelVersion>4.0.0</modelVersion>
	<parent>
		<groupId>org.springframework.boot</groupId>
		<artifactId>spring-boot-starter-parent</artifactId>
		<version>2.6.6</version>
		<!-- <relativePath>brs/brs-parent</relativePath> -->
	</parent>
	<groupId>com.blk.ajd</groupId>
	<artifactId>silver-certification</artifactId>
	<version>0.0.1-SNAPSHOT</version>
	<name>silver-certification</name>
	<description> Return a list of all distinct cusips for which there is an open position on the prior business date in a specified portfolio group.
	The portfolio group will be passed in as an argument to the program
	</description>
	<properties>
		<java.version>1.8</java.version>
		<dev.default.webserver>https://dev.blackrock.com</dev.default.webserver>
	</properties>
	<dependencies>
		<dependency>
			<groupId>org.springframework.boot</groupId>
			<artifactId>spring-boot-starter-data-jpa</artifactId>
		</dependency>
		<dependency>
			<groupId>org.springframework.boot</groupId>
			<artifactId>spring-boot-starter-web</artifactId>
		</dependency>
		<dependency>
			<groupId>org.springframework.boot</groupId>
			<artifactId>spring-boot-starter-validation</artifactId>
		</dependency>
		<dependency>
			<groupId>com.blackrock</groupId>
			<artifactId>oa-date-time-api</artifactId>
			<version>6.2.0</version>
		</dependency>
		<dependency>
			<groupId>brs</groupId>
			<artifactId>libbase</artifactId>
			<version>6.2.0</version>
		</dependency>
		<dependency>
			<groupId>brs</groupId>
			<artifactId>libdbconnect</artifactId>
			<version>6.2.0</version>
		</dependency>
		<dependency>
			<groupId>org.springframework.boot</groupId>
			<artifactId>spring-boot-devtools</artifactId>
			<scope>runtime</scope>
			<optional>true</optional>
		</dependency>
		<dependency>
			<groupId>org.springframework.boot</groupId>
			<artifactId>spring-boot-starter-test</artifactId>
			<scope>test</scope>
		</dependency>
		<dependency>
			<groupId>junit</groupId>
			<artifactId>junit</artifactId>
			<scope>test</scope>
		</dependency>
		<dependency>
			<groupId>org.junit.vintage</groupId>
			<artifactId>junit-vintage-engine</artifactId>
			<scope>test</scope>
		</dependency>
		<dependency>
			<groupId>org.projectlombok</groupId>
			<artifactId>lombok</artifactId>
			<scope>provided</scope>
		</dependency>
	</dependencies>

	<build>
		<plugins>
			<plugin>
				<groupId>org.springframework.boot</groupId>
				<artifactId>spring-boot-maven-plugin</artifactId>
			</plugin>
			<plugin>
				<groupId>org.jacoco</groupId>
				<artifactId>jacoco-maven-plugin</artifactId>
				<version>0.8.6</version>
				<executions>
					<!--first execution : for preparing JaCoCo runtime agent -->
					<execution>
						<id>prepare-agent</id>
						<goals>
							<goal>prepare-agent</goal>
						</goals>
					</execution>
					<!--second execution : for creating code coverage reports -->
					<execution>
						<id>report</id>
						<phase>test</phase>
						<goals>
							<goal>report</goal>
						</goals>
						<configuration>
							<outputDirectory>target/jacoco-report</outputDirectory>
						</configuration>
					</execution>
				</executions>
			</plugin>
		</plugins>
	</build>

</project>